{"cameraMode":{"drawMode":0,"name":"Shaded","section":"Shading Mode"},"sceneLighting":false,"audioPlay":false,"sceneViewState":{"showFog":true,"showMaterialUpdate":false,"showSkybox":false,"showFlares":true,"showImageEffects":true,"showParticleSystems":true,"showVisualEffectGraphs":true,"m_FxEnabled":true},"in2DMode":false,"pivot":{"x":-0.003984183073043823,"y":0.23171105980873109,"z":-0.0059119462966918949},"rotation":{"x":0.17499612271785737,"y":0.8177918195724487,"z":-0.3221364915370941,"w":0.44387131929397585},"size":0.4902578592300415,"orthographic":false}