{"cameraMode":{"drawMode":0,"name":"Shaded","section":"Shading Mode"},"sceneLighting":false,"audioPlay":false,"sceneViewState":{"showFog":true,"showMaterialUpdate":false,"showSkybox":false,"showFlares":true,"showImageEffects":true,"showParticleSystems":true,"showVisualEffectGraphs":true,"m_FxEnabled":true},"in2DMode":false,"pivot":{"x":0.013462305068969727,"y":0.07260515540838242,"z":0.010871648788452149},"rotation":{"x":0.18148410320281983,"y":-0.15615086257457734,"z":0.029121555387973787,"w":0.9707478284835815},"size":1.8522839546203614,"orthographic":false}