{"cameraMode":{"drawMode":0,"name":"Shaded","section":"Shading Mode"},"sceneLighting":false,"audioPlay":false,"sceneViewState":{"showFog":true,"showMaterialUpdate":false,"showSkybox":false,"showFlares":true,"showImageEffects":true,"showParticleSystems":true,"showVisualEffectGraphs":true,"m_FxEnabled":true},"in2DMode":false,"pivot":{"x":0.1425609588623047,"y":0.6611521244049072,"z":0.6739305257797241},"rotation":{"x":-0.17433442175388337,"y":0.08366737514734268,"z":-0.014595168642699719,"w":-0.9812465310096741},"size":2.4220783710479738,"orthographic":false}