{"cameraMode":{"drawMode":0,"name":"Shaded","section":"Shading Mode"},"sceneLighting":false,"audioPlay":false,"sceneViewState":{"showFog":true,"showMaterialUpdate":false,"showSkybox":false,"showFlares":true,"showImageEffects":true,"showParticleSystems":true,"showVisualEffectGraphs":true,"m_FxEnabled":true},"in2DMode":false,"pivot":{"x":-0.07865412533283234,"y":1.3964310884475709,"z":2.2245469093322756},"rotation":{"x":0.022405125200748445,"y":-0.9681962728500366,"z":0.23260611295700074,"w":0.09187804907560349},"size":6.964129447937012,"orthographic":false}